Campaign,Location
VV | Search | Brand,United States
VV | Search | Brand,Canada
VV | Search | Brand,United Kingdom
VV | Search | Brand,Australia
VV | Search | Competitors,United States
VV | Search | Competitors,Canada
VV | Search | Competitors,United Kingdom
VV | Search | Competitors,Australia
VV | Search | AI UGC Ads,United States
VV | Search | AI UGC Ads,Canada
VV | Search | AI UGC Ads,United Kingdom
VV | Search | AI UGC Ads,Australia
VV | Search | Clone Winning Ads,United States
VV | Search | Clone Winning Ads,Canada
VV | Search | Clone Winning Ads,United Kingdom
VV | Search | Clone Winning Ads,Australia
VV | Search | Replace UGC Creators,United States
VV | Search | Replace UGC Creators,Canada
VV | Search | Replace UGC Creators,United Kingdom
VV | Search | Replace UGC Creators,Australia
VV | Search | AI Agent,United States
VV | Search | AI Agent,Canada
VV | Search | AI Agent,United Kingdom
VV | Search | AI Agent,Australia
